week,mean_slope,lower_bound,upper_bound,analysis,time_season,pre_post,slope,lwr,upr
21,12.172284454623329,-10.918009409211624,35.72888547335209,"hydration, ind. trees",NA,NA,12.172284454623329,-10.918009409211624,35.72888547335209
29,35.244920132461544,17.680392715674678,59.3254318248299,"hydration, ind. trees",NA,NA,35.244920132461544,17.680392715674678,59.3254318248299
10,-8.731784932123006,-66.72457468692748,46.3311993354127,"hydration, ind. trees",NA,NA,-8.731784932123006,-66.72457468692748,46.3311993354127
19,-14.101654951612288,-33.44218809087022,-1.4037975741082094,"hydration, ind. trees",NA,NA,-14.101654951612288,-33.44218809087022,-1.4037975741082094
17,10.999078908646082,-21.398256608518587,50.11571674203853,"hydration, ind. trees",NA,NA,10.999078908646082,-21.398256608518587,50.11571674203853
37,31.50635261843831,20.286560240940094,48.87548613873824,"hydration, ind. trees",NA,NA,31.50635261843831,20.286560240940094,48.87548613873824
0,3.4821286875623474,-0.9290494654435247,8.527652311222662,"time, ind. tree",before leafout,before leafout,3.4821286875623474,-0.9290494654435247,8.527652311222662
0,4.434881803137177,0.695805466373238,7.361618375600752,"time, ind. tree",after leafout,after leafout,4.434881803137177,0.695805466373238,7.361618375600752
