week,mean_slope,lower_bound,upper_bound,analysis,time_season,pre_post,slope,lwr,upr
21,6.7436025070769965,-19.900491355591313,34.17903655523191,"hydration, ind. trees",NA,NA,6.7436025070769965,-19.900491355591313,34.17903655523191
29,34.847869842665915,18.097542123154085,57.85715008309709,"hydration, ind. trees",NA,NA,34.847869842665915,18.097542123154085,57.85715008309709
10,-10.532051073755854,-66.72457468692772,44.588475016512106,"hydration, ind. trees",NA,NA,-10.532051073755854,-66.72457468692772,44.588475016512106
19,-13.772027373989413,-32.579427425889456,-1.5929801202078897,"hydration, ind. trees",NA,NA,-13.772027373989413,-32.579427425889456,-1.5929801202078897
17,12.426777854509428,-17.646713363154255,50.11571674203865,"hydration, ind. trees",NA,NA,12.426777854509428,-17.646713363154255,50.11571674203865
37,35.02474354457986,18.81215791476303,55.75053734751961,"hydration, ind. trees",NA,NA,35.02474354457986,18.81215791476303,55.75053734751961
0,3.4473298051116994,-1.1008342055036588,9.125052651078853,"time, ind. tree",before leafout,before leafout,3.4473298051116994,-1.1008342055036588,9.125052651078853
0,6.776531747711864,3.7243472806662616,10.454725598404162,"time, ind. tree",after leafout,after leafout,6.776531747711864,3.7243472806662616,10.454725598404162
