mean_slope,lower_bound,upper_bound,pre_post
880.5796677426168,701.6674231476061,1074.7006623650718,all
