mean_slope,lower_bound,upper_bound,pre_post
867.2592959297107,675.3019660021722,1061.8288837016512,all
