mean_slope,lower_bound,upper_bound,pre_post
883.6828399777363,691.5257199240405,1078.9447496864314,all
