mean_slope,lower_bound,upper_bound,pre_post
869.892562776661,664.7396114036715,1043.0877407908094,all
