mean_slope,lower_bound,upper_bound,pre_post
15.041048598280748,12.30135414287378,18.005863620654896,all
