mean_slope,lower_bound,upper_bound,pre_post
15.315762524629807,12.214601219811742,18.30911028465428,all
