mean_slope,lower_bound,upper_bound,pre_post
15.236723997957208,12.996967263393831,17.605370629045247,all
